feature,total_events,unique_users,active_days,events_per_user,event_share_pct
Task Management,595983,30000,936,19.8661,38.39656276535294
Authentication,384451,29998,934,12.81588772584839,24.76848660398485
Collaboration,168701,29756,928,5.669478424519425,10.868663258981895
Project Management,162088,29743,930,5.44961839760616,10.442616761737378
File Management,85911,27866,922,3.0830043780951697,5.5348677793397405
Billing,63237,23072,917,2.740854715672677,4.07408170970082
Reporting,36023,20541,906,1.7537120880190837,2.3208034130106214
Onboarding,28199,12977,900,2.172998381752331,1.8167375133522057
Support,27585,17891,893,1.5418366776591583,1.777180194539544
