cohort_month,Month_0,Month_1,Month_2,Month_3,Month_4,Month_5,Month_6,Month_7,Month_8,Month_9,Month_10,Month_11,Month_12,Month_13,Month_14,Month_15,Month_16,Month_17,Month_18,Month_19,Month_20,Month_21,Month_22,Month_23,Month_24,Month_25,Month_26,Month_27,Month_28,Month_29,Month_30
2024-01-01,100.0,300.86580086580085,344.15584415584414,367.53246753246754,380.08658008658006,372.7272727272727,374.45887445887445,375.75757575757575,380.08658008658006,369.6969696969697,367.53246753246754,358.008658008658,363.6363636363636,341.5584415584416,346.3203463203463,339.82683982683983,329.87012987012986,314.71861471861473,312.1212121212121,298.7012987012987,282.25108225108227,270.995670995671,262.3376623376624,253.24675324675323,241.99134199134198,216.8831168831169,196.10389610389612,200.43290043290045,178.35497835497836,170.995670995671,416.8831168831168
2024-02-01,100.0,298.2300884955752,350.0,370.79646017699116,371.23893805309734,384.95575221238937,379.20353982300884,380.9734513274336,380.53097345132744,368.5840707964602,372.5663716814159,361.94690265486724,344.24778761061947,362.8318584070796,344.24778761061947,343.8053097345133,334.070796460177,315.929203539823,300.0,290.2654867256637,284.070796460177,261.0619469026548,250.88495575221236,246.46017699115043,209.73451327433628,207.5221238938053,198.23008849557522,190.7079646017699,188.93805309734512,411.5044247787611,
2024-03-01,100.0,264.51612903225805,307.5268817204301,320.4301075268817,334.0501792114695,331.5412186379928,326.52329749103944,328.673835125448,326.1648745519713,321.8637992831541,317.2043010752688,302.8673835125448,313.9784946236559,296.7741935483871,296.7741935483871,288.5304659498208,286.37992831541214,277.4193548387097,260.21505376344084,249.10394265232975,228.67383512544802,227.59856630824373,220.07168458781362,186.3799283154122,202.1505376344086,176.70250896057348,164.51612903225808,160.57347670250897,354.83870967741933,,
2024-04-01,100.0,264.3835616438356,300.6849315068493,312.32876712328766,312.67123287671234,317.8082191780822,315.75342465753425,313.01369863013696,318.1506849315069,307.5342465753425,300.6849315068493,307.5342465753425,295.2054794520548,294.52054794520546,283.9041095890411,277.3972602739726,267.1232876712329,254.7945205479452,246.57534246575344,239.3835616438356,224.65753424657535,216.0958904109589,181.84931506849315,196.57534246575344,183.56164383561645,165.06849315068493,153.76712328767124,341.0958904109589,,,
2024-05-01,100.0,250.1597444089457,288.81789137380196,300.63897763578274,297.7635782747604,305.43130990415335,305.75079872204475,308.94568690095844,296.80511182108626,291.3738019169329,294.56869009584665,289.4568690095847,278.594249201278,270.60702875399363,270.926517571885,258.7859424920128,244.72843450479235,248.24281150159746,233.54632587859422,218.21086261980832,212.1405750798722,198.40255591054313,190.4153354632588,183.06709265175718,163.57827476038338,153.03514376996804,323.0031948881789,,,,
2024-06-01,100.0,279.1208791208791,306.2271062271062,326.3736263736264,325.27472527472526,319.0476190476191,324.90842490842493,323.8095238095238,311.72161172161174,316.8498168498168,313.9194139194139,304.76190476190476,294.50549450549454,292.67399267399264,297.43589743589746,257.87545787545787,261.9047619047619,259.34065934065933,250.54945054945054,233.33333333333334,204.76190476190476,208.79120879120882,186.08058608058607,180.21978021978023,158.24175824175825,341.75824175824175,,,,,
2024-07-01,100.0,254.40251572327045,285.8490566037736,294.33962264150944,299.685534591195,302.5157232704403,300.62893081761007,294.6540880503145,293.39622641509436,290.8805031446541,288.36477987421387,280.50314465408803,276.4150943396226,267.29559748427675,255.34591194968553,259.433962264151,240.56603773584902,234.27672955974842,221.69811320754715,199.0566037735849,206.60377358490564,188.0503144654088,171.0691823899371,146.22641509433961,315.7232704402516,,,,,,
2024-08-01,100.0,219.68085106382978,241.22340425531914,247.6063829787234,254.52127659574467,251.32978723404253,249.468085106383,253.98936170212764,244.41489361702128,242.28723404255322,242.55319148936172,238.29787234042553,224.7340425531915,221.80851063829786,215.69148936170214,207.44680851063828,200.0,191.22340425531914,172.0744680851064,177.6595744680851,161.70212765957444,150.531914893617,133.77659574468086,260.9042553191489,,,,,,,
2024-09-01,100.0,239.09574468085108,253.45744680851064,259.8404255319149,267.8191489361702,260.9042553191489,264.3617021276596,260.1063829787234,259.5744680851064,256.9148936170213,253.72340425531914,247.8723404255319,242.81914893617022,234.8404255319149,227.6595744680851,212.7659574468085,208.77659574468086,177.6595744680851,179.25531914893617,172.87234042553192,163.56382978723406,136.968085106383,273.67021276595744,,,,,,,,
2024-10-01,100.0,231.15183246073298,247.9057591623037,255.23560209424085,256.544502617801,255.4973821989529,257.06806282722516,253.92670157068062,249.4764397905759,246.8586387434555,239.00523560209425,235.60209424083772,231.93717277486908,216.2303664921466,218.06282722513092,207.32984293193718,188.48167539267016,179.3193717277487,168.0628272251309,160.7329842931937,146.07329842931938,263.6125654450262,,,,,,,,,
2024-11-01,100.0,256.5982404692082,280.05865102639297,282.99120234604106,288.56304985337243,284.45747800586514,284.45747800586514,285.33724340175957,280.05865102639297,276.8328445747801,270.674486803519,270.0879765395894,254.54545454545453,247.5073313782991,239.00293255131965,215.5425219941349,216.4222873900293,195.01466275659826,180.05865102639297,167.15542521994135,295.30791788856305,,,,,,,,,,
2024-12-01,100.0,227.1356783919598,238.94472361809048,243.46733668341707,242.71356783919597,244.72361809045228,243.46733668341707,241.45728643216083,237.1859296482412,234.42211055276383,232.66331658291458,222.61306532663318,214.32160804020103,207.53768844221105,191.95979899497488,187.1859296482412,179.64824120603015,160.80402010050253,148.74371859296483,250.7537688442211,,,,,,,,,,,
2025-01-01,100.0,197.6086956521739,214.7826086956522,217.60869565217394,216.08695652173915,214.7826086956522,215.43478260869566,212.6086956521739,208.91304347826085,207.39130434782606,200.2173913043478,193.47826086956522,188.2608695652174,173.04347826086956,172.17391304347828,159.1304347826087,148.91304347826087,133.47826086956522,220.43478260869566,,,,,,,,,,,,
2025-02-01,100.0,217.74580335731412,226.85851318944844,228.77697841726618,227.33812949640287,228.77697841726618,227.33812949640287,223.7410071942446,224.46043165467623,216.06714628297362,212.23021582733816,203.59712230215828,188.72901678657075,186.57074340527578,167.1462829736211,160.1918465227818,147.96163069544363,231.17505995203834,,,,,,,,,,,,,
2025-03-01,100.0,189.3491124260355,197.63313609467457,198.2248520710059,199.8027613412229,199.2110453648915,195.66074950690336,194.2800788954635,189.5463510848126,184.6153846153846,182.05128205128204,168.83629191321498,164.49704142011834,157.39644970414201,143.5897435897436,130.96646942800788,200.0,,,,,,,,,,,,,,
2025-04-01,100.0,188.45360824742266,194.22680412371133,194.63917525773195,192.57731958762886,194.02061855670104,192.57731958762886,188.04123711340205,185.77319587628867,181.44329896907217,170.9278350515464,168.4536082474227,154.43298969072166,150.30927835051546,137.5257731958763,195.6701030927835,,,,,,,,,,,,,,,
2025-05-01,100.0,186.92307692307693,193.26923076923077,194.03846153846155,192.1153846153846,192.1153846153846,189.8076923076923,188.07692307692307,187.30769230769232,176.34615384615384,169.8076923076923,162.8846153846154,159.23076923076923,141.15384615384616,193.46153846153845,,,,,,,,,,,,,,,,
2025-06-01,100.0,173.97769516728624,175.8364312267658,175.4646840148699,175.4646840148699,175.2788104089219,173.23420074349443,169.88847583643124,164.4981412639405,160.96654275092936,149.81412639405204,147.5836431226766,131.41263940520446,175.65055762081784,,,,,,,,,,,,,,,,,
2025-07-01,100.0,171.2305025996534,173.3102253032929,173.83015597920277,172.79029462738302,170.71057192374352,170.71057192374352,164.29809358752166,166.55112651646448,158.578856152513,145.580589254766,139.3414211438475,172.79029462738302,,,,,,,,,,,,,,,,,,
2025-08-01,100.0,159.32721712538228,159.9388379204893,159.32721712538228,160.09174311926606,159.1743119266055,156.88073394495413,153.6697247706422,149.08256880733944,144.18960244648318,131.80428134556576,160.39755351681956,,,,,,,,,,,,,,,,,,,
2025-09-01,100.0,157.78816199376945,157.47663551401868,157.47663551401868,157.3208722741433,155.60747663551402,155.45171339563865,150.1557632398754,145.6386292834891,136.4485981308411,157.78816199376945,,,,,,,,,,,,,,,,,,,,
2025-10-01,100.0,146.60326086956522,146.73913043478262,146.875,146.05978260869566,144.83695652173913,142.3913043478261,140.48913043478262,132.47282608695653,146.60326086956522,,,,,,,,,,,,,,,,,,,,,
2025-11-01,100.0,142.98642533936652,143.13725490196077,143.13725490196077,142.0814479638009,141.6289592760181,139.36651583710406,132.27752639517345,142.83559577677224,,,,,,,,,,,,,,,,,,,,,,
2025-12-01,100.0,134.37908496732027,134.37908496732027,134.37908496732027,134.2483660130719,132.2875816993464,127.84313725490195,134.1176470588235,,,,,,,,,,,,,,,,,,,,,,,
2026-01-01,100.0,123.05854241338112,123.05854241338112,123.05854241338112,122.22222222222223,119.71326164874552,122.93906810035841,,,,,,,,,,,,,,,,,,,,,,,,
2026-02-01,100.0,123.08724832214766,123.08724832214766,122.9530201342282,122.28187919463087,123.08724832214766,,,,,,,,,,,,,,,,,,,,,,,,,
2026-03-01,100.0,114.70923603192702,114.70923603192702,114.70923603192702,114.59521094640822,,,,,,,,,,,,,,,,,,,,,,,,,,
2026-04-01,100.0,111.784140969163,111.784140969163,111.67400881057267,,,,,,,,,,,,,,,,,,,,,,,,,,,
2026-05-01,100.0,105.0367261280168,105.0367261280168,,,,,,,,,,,,,,,,,,,,,,,,,,,,
2026-06-01,100.0,102.56663376110562,,,,,,,,,,,,,,,,,,,,,,,,,,,,,
