month,plan,mrr,customers,arpu
2024-01-01,Professional,15563.0,197,79.0
2024-01-01,Enterprise,11542.0,58,199.0
2024-01-01,Starter,5742.0,198,29.0
2024-01-01,Free,0.0,276,0.0
2024-02-01,Professional,33101.0,419,79.0
2024-02-01,Enterprise,24676.0,124,199.0
2024-02-01,Starter,13688.0,472,29.0
2024-02-01,Free,0.0,666,0.0
2024-03-01,Professional,53641.0,679,79.0
2024-03-01,Enterprise,40397.0,203,199.0
2024-03-01,Starter,21518.0,742,29.0
2024-03-01,Free,0.0,1059,0.0
2024-04-01,Professional,73233.0,927,79.0
2024-04-01,Enterprise,55720.0,280,199.0
2024-04-01,Starter,29899.0,1031,29.0
2024-04-01,Free,0.0,1447,0.0
2024-05-01,Professional,91087.0,1153,79.0
2024-05-01,Enterprise,71242.0,358,199.0
2024-05-01,Starter,38483.0,1327,29.0
2024-05-01,Free,0.0,1855,0.0
2024-06-01,Professional,109178.0,1382,79.0
2024-06-01,Enterprise,86565.0,435,199.0
2024-06-01,Starter,45182.0,1558,29.0
2024-06-01,Free,0.0,2229,0.0
2024-07-01,Professional,131140.0,1660,79.0
2024-07-01,Enterprise,101689.0,511,199.0
2024-07-01,Starter,52026.0,1794,29.0
2024-07-01,Free,0.0,2612,0.0
2024-08-01,Professional,150416.0,1904,79.0
2024-08-01,Enterprise,114425.0,575,199.0
2024-08-01,Starter,59102.0,2038,29.0
2024-08-01,Free,0.0,2987,0.0
2024-09-01,Professional,167085.0,2115,79.0
2024-09-01,Enterprise,132932.0,668,199.0
2024-09-01,Starter,65685.0,2265,29.0
2024-09-01,Free,0.0,3391,0.0
2024-10-01,Professional,183675.0,2325,79.0
2024-10-01,Enterprise,147857.0,743,199.0
2024-10-01,Starter,72877.0,2513,29.0
2024-10-01,Free,0.0,3805,0.0
2024-11-01,Professional,200660.0,2540,79.0
2024-11-01,Enterprise,162583.0,817,199.0
2024-11-01,Starter,80098.0,2762,29.0
2024-11-01,Free,0.0,4191,0.0
2024-12-01,Professional,214327.0,2713,79.0
2024-12-01,Enterprise,179100.0,900,199.0
2024-12-01,Starter,88015.0,3035,29.0
2024-12-01,Free,0.0,4610,0.0
2025-01-01,Professional,231865.0,2935,79.0
2025-01-01,Enterprise,195219.0,981,199.0
2025-01-01,Starter,94656.0,3264,29.0
2025-01-01,Free,0.0,5053,0.0
2025-02-01,Professional,247349.0,3131,79.0
2025-02-01,Enterprise,209149.0,1051,199.0
2025-02-01,Starter,100572.0,3468,29.0
2025-02-01,Free,0.0,5442,0.0
2025-03-01,Professional,265440.0,3360,79.0
2025-03-01,Enterprise,226263.0,1137,199.0
2025-03-01,Starter,107329.0,3701,29.0
2025-03-01,Free,0.0,5866,0.0
2025-04-01,Professional,280134.0,3546,79.0
2025-04-01,Enterprise,237208.0,1192,199.0
2025-04-01,Starter,113477.0,3913,29.0
2025-04-01,Free,0.0,6259,0.0
2025-05-01,Professional,293880.0,3720,79.0
2025-05-01,Enterprise,253526.0,1274,199.0
2025-05-01,Starter,119654.0,4126,29.0
2025-05-01,Free,0.0,6665,0.0
2025-06-01,Professional,311576.0,3944,79.0
2025-06-01,Enterprise,266859.0,1341,199.0
2025-06-01,Starter,126527.0,4363,29.0
2025-06-01,Free,0.0,7060,0.0
2025-07-01,Professional,329272.0,4168,79.0
2025-07-01,Enterprise,281386.0,1414,199.0
2025-07-01,Starter,132559.0,4571,29.0
2025-07-01,Free,0.0,7439,0.0
2025-08-01,Professional,345704.0,4376,79.0
2025-08-01,Enterprise,294520.0,1480,199.0
2025-08-01,Starter,139751.0,4819,29.0
2025-08-01,Free,0.0,7869,0.0
2025-09-01,Professional,362847.0,4593,79.0
2025-09-01,Enterprise,309047.0,1553,199.0
2025-09-01,Starter,145725.0,5025,29.0
2025-09-01,Free,0.0,8272,0.0
2025-10-01,Professional,382123.0,4837,79.0
2025-10-01,Enterprise,325564.0,1636,199.0
2025-10-01,Starter,153323.0,5287,29.0
2025-10-01,Free,0.0,8660,0.0
2025-11-01,Professional,398318.0,5042,79.0
2025-11-01,Enterprise,342479.0,1721,199.0
2025-11-01,Starter,159355.0,5495,29.0
2025-11-01,Free,0.0,9035,0.0
2025-12-01,Professional,415698.0,5262,79.0
2025-12-01,Enterprise,356210.0,1790,199.0
2025-12-01,Starter,165764.0,5716,29.0
2025-12-01,Free,0.0,9445,0.0
2026-01-01,Professional,433236.0,5484,79.0
2026-01-01,Enterprise,372130.0,1870,199.0
2026-01-01,Starter,172666.0,5954,29.0
2026-01-01,Free,0.0,9859,0.0
2026-02-01,Professional,448720.0,5680,79.0
2026-02-01,Enterprise,384468.0,1932,199.0
2026-02-01,Starter,178350.0,6150,29.0
2026-02-01,Free,0.0,10245,0.0
2026-03-01,Professional,464836.0,5884,79.0
2026-03-01,Enterprise,400189.0,2011,199.0
2026-03-01,Starter,185571.0,6399,29.0
2026-03-01,Free,0.0,10635,0.0
2026-04-01,Professional,479767.0,6073,79.0
2026-04-01,Enterprise,412726.0,2074,199.0
2026-04-01,Starter,191197.0,6593,29.0
2026-04-01,Free,0.0,11049,0.0
2026-05-01,Professional,495883.0,6277,79.0
2026-05-01,Enterprise,422278.0,2122,199.0
2026-05-01,Starter,198186.0,6834,29.0
2026-05-01,Free,0.0,11471,0.0
2026-06-01,Professional,512552.0,6488,79.0
2026-06-01,Enterprise,438397.0,2203,199.0
2026-06-01,Starter,205059.0,7071,29.0
2026-06-01,Free,0.0,11888,0.0
2026-07-01,Professional,514764.0,6516,79.0
2026-07-01,Enterprise,441581.0,2219,199.0
2026-07-01,Starter,205117.0,7073,29.0
2026-07-01,Free,0.0,11993,0.0
